[{"sequence": "g0", "duration": 250, "depth_0": 2.8435, "depth_1": 2.473, "image_path_target_0": "depth_discrimination_stimuli/002043_2014-06-24_20-29-38_260595134347_rgbf000039-resize_4/002043_2014-06-24_20-29-38_260595134347_rgbf000039-resize_4-target.png", "image_path_target_1": "depth_discrimination_stimuli/001011_2014-06-08_23-18-54_260595134347_rgbf000044-resize_4/001011_2014-06-08_23-18-54_260595134347_rgbf000044-resize_4-target.png", "mask_path": "masks/mask_18.jpg", "fixation_path": "fixation.jpg"}, {"sequence": "catch_trial", "duration": 250, "depth_0": 1.369, "depth_1": 4.784000000000001, "image_path_target_0": "depth_discrimination_stimuli/000953_2014-06-08_11-42-19_260595134347_rgbf000083-resize_0/000953_2014-06-08_11-42-19_260595134347_rgbf000083-resize_0-target.png", "image_path_target_1": "depth_discrimination_stimuli/000787_2014-06-08_22-33-53_260595134347_rgbf000175-resize_1/000787_2014-06-08_22-33-53_260595134347_rgbf000175-resize_1-target.png", "mask_path": "masks/mask_2.jpg", "fixation_path": "fixation.jpg"}, {"sequence": "g0", "duration": 250, "depth_0": 4.140499999999999, "depth_1": 4.632, "image_path_target_0": "depth_discrimination_stimuli/003083_2014-06-15_15-21-03_094959634447_rgbf000063-resize_1/003083_2014-06-15_15-21-03_094959634447_rgbf000063-resize_1-target.png", "image_path_target_1": "depth_discrimination_stimuli/000742_2014-06-08_18-48-09_260595134347_rgbf000164-resize_4/000742_2014-06-08_18-48-09_260595134347_rgbf000164-resize_4-target.png", "mask_path": "masks/mask_11.jpg", "fixation_path": "fixation.jpg"}, {"sequence": "g0", "duration": 1000, "depth_0": 2.6935000000000002, "depth_1": 2.431, "image_path_target_0": "depth_discrimination_stimuli/001092_2014-06-15_17-34-58_260595134347_rgbf000171-resize_3/001092_2014-06-15_17-34-58_260595134347_rgbf000171-resize_3-target.png", "image_path_target_1": "depth_discrimination_stimuli/000502_2014-06-08_23-02-32_260595134347_rgbf000063-resize_4/000502_2014-06-08_23-02-32_260595134347_rgbf000063-resize_4-target.png", "mask_path": "masks/mask_28.jpg", "fixation_path": "fixation.jpg"}, {"sequence": "g0", "duration": 1000, "depth_0": 1.5758333333333334, "depth_1": 1.9765, "image_path_target_0": "depth_discrimination_stimuli/001532_2014-06-20_16-50-41_260595134347_rgbf000081-resize_4/001532_2014-06-20_16-50-41_260595134347_rgbf000081-resize_4-target.png", "image_path_target_1": "depth_discrimination_stimuli/000943_2014-06-09_19-31-07_260595134347_rgbf000128-resize_1/000943_2014-06-09_19-31-07_260595134347_rgbf000128-resize_1-target.png", "mask_path": "masks/mask_17.jpg", "fixation_path": "fixation.jpg"}, {"sequence": "g0", "duration": 250, "depth_0": 4.105, "depth_1": 4.388999999999999, "image_path_target_0": "depth_discrimination_stimuli/002103_2014-06-25_20-00-40_260595134347_rgbf000049-resize_0/002103_2014-06-25_20-00-40_260595134347_rgbf000049-resize_0-target.png", "image_path_target_1": "depth_discrimination_stimuli/002444_2014-06-28_20-32-08_260595134347_rgbf000027-resize_0/002444_2014-06-28_20-32-08_260595134347_rgbf000027-resize_0-target.png", "mask_path": "masks/mask_5.jpg", "fixation_path": "fixation.jpg"}, {"sequence": "g0", "duration": 1000, "depth_0": 2.8, "depth_1": 2.266, "image_path_target_0": "depth_discrimination_stimuli/000800_2014-06-08_22-42-09_260595134347_rgbf000095-resize_3/000800_2014-06-08_22-42-09_260595134347_rgbf000095-resize_3-target.png", "image_path_target_1": "depth_discrimination_stimuli/000869_2014-06-09_20-50-18_260595134347_rgbf000060-resize_3/000869_2014-06-09_20-50-18_260595134347_rgbf000060-resize_3-target.png", "mask_path": "masks/mask_20.jpg", "fixation_path": "fixation.jpg"}, {"sequence": "g0", "duration": 250, "depth_0": 1.8725, "depth_1": 1.3545, "image_path_target_0": "depth_discrimination_stimuli/001618_2014-06-20_11-37-31_260595134347_rgbf000027-resize_3/001618_2014-06-20_11-37-31_260595134347_rgbf000027-resize_3-target.png", "image_path_target_1": "depth_discrimination_stimuli/000109_2014-05-14_23-41-52_260595134347_rgbf000035-resize_9/000109_2014-05-14_23-41-52_260595134347_rgbf000035-resize_9-target.png", "mask_path": "masks/mask_10.jpg", "fixation_path": "fixation.jpg"}, {"sequence": "catch_trial", "duration": 1000, "depth_0": 1.213, "depth_1": 4.718, "image_path_target_0": "depth_discrimination_stimuli/000454_2014-06-08_16-37-28_260595134347_rgbf000048-resize_2/000454_2014-06-08_16-37-28_260595134347_rgbf000048-resize_2-target.png", "image_path_target_1": "depth_discrimination_stimuli/000375_2014-06-08_11-17-29_260595134347_rgbf000133-resize_2/000375_2014-06-08_11-17-29_260595134347_rgbf000133-resize_2-target.png", "mask_path": "masks/mask_0.jpg", "fixation_path": "fixation.jpg"}, {"sequence": "g0", "duration": 1000, "depth_0": 2.331, "depth_1": 2.6625, "image_path_target_0": "depth_discrimination_stimuli/000749_2014-06-08_21-55-06_260595134347_rgbf000070-resize_2/000749_2014-06-08_21-55-06_260595134347_rgbf000070-resize_2-target.png", "image_path_target_1": "depth_discrimination_stimuli/001056_2014-06-08_18-46-44_260595134347_rgbf000068-resize_0/001056_2014-06-08_18-46-44_260595134347_rgbf000068-resize_0-target.png", "mask_path": "masks/mask_3.jpg", "fixation_path": "fixation.jpg"}, {"sequence": "g0", "duration": 250, "depth_0": 1.996, "depth_1": 1.6564999999999999, "image_path_target_0": "depth_discrimination_stimuli/002199_2014-06-28_18-33-56_260595134347_rgbf000074-resize_0/002199_2014-06-28_18-33-56_260595134347_rgbf000074-resize_0-target.png", "image_path_target_1": "depth_discrimination_stimuli/001016_2014-06-09_16-16-10_260595134347_rgbf000112-resize_5/001016_2014-06-09_16-16-10_260595134347_rgbf000112-resize_5-target.png", "mask_path": "masks/mask_2.jpg", "fixation_path": "fixation.jpg"}, {"sequence": "g0", "duration": 1000, "depth_0": 2.646, "depth_1": 2.354, "image_path_target_0": "depth_discrimination_stimuli/002118_2014-06-25_20-32-08_260595134347_rgbf000078-resize_1/002118_2014-06-25_20-32-08_260595134347_rgbf000078-resize_1-target.png", "image_path_target_1": "depth_discrimination_stimuli/001164_2014-06-17_15-35-46_260595134347_rgbf000085-resize_3/001164_2014-06-17_15-35-46_260595134347_rgbf000085-resize_3-target.png", "mask_path": "masks/mask_8.jpg", "fixation_path": "fixation.jpg"}, {"sequence": "g0", "duration": 250, "depth_0": 1.551, "depth_1": 1.831, "image_path_target_0": "depth_discrimination_stimuli/002953_2014-06-08_17-32-18_094959634447_rgbf000059-resize_5/002953_2014-06-08_17-32-18_094959634447_rgbf000059-resize_5-target.png", "image_path_target_1": "depth_discrimination_stimuli/000470_2014-06-09_19-42-40_260595134347_rgbf000094-resize_1/000470_2014-06-09_19-42-40_260595134347_rgbf000094-resize_1-target.png", "mask_path": "masks/mask_9.jpg", "fixation_path": "fixation.jpg"}, {"sequence": "g0", "duration": 1000, "depth_0": 2.8680000000000003, "depth_1": 2.429, "image_path_target_0": "depth_discrimination_stimuli/000929_2014-06-09_16-33-19_260595134347_rgbf000139-resize_0/000929_2014-06-09_16-33-19_260595134347_rgbf000139-resize_0-target.png", "image_path_target_1": "depth_discrimination_stimuli/001055_2014-06-08_18-45-35_260595134347_rgbf000111-resize_4/001055_2014-06-08_18-45-35_260595134347_rgbf000111-resize_4-target.png", "mask_path": "masks/mask_12.jpg", "fixation_path": "fixation.jpg"}, {"sequence": "g0", "duration": 250, "depth_0": 3.4400000000000004, "depth_1": 3.7335000000000003, "image_path_target_0": "depth_discrimination_stimuli/000493_2014-06-09_21-01-18_260595134347_rgbf000196-resize_3/000493_2014-06-09_21-01-18_260595134347_rgbf000196-resize_3-target.png", "image_path_target_1": "depth_discrimination_stimuli/000409_2014-06-04_19-23-33_260595134347_rgbf000067-resize_0/000409_2014-06-04_19-23-33_260595134347_rgbf000067-resize_0-target.png", "mask_path": "masks/mask_29.jpg", "fixation_path": "fixation.jpg"}, {"sequence": "catch_trial", "duration": 250, "depth_0": 4.5120000000000005, "depth_1": 1.2814999999999999, "image_path_target_0": "depth_discrimination_stimuli/000569_2014-06-09_22-51-47_260595134347_rgbf000141-resize_3/000569_2014-06-09_22-51-47_260595134347_rgbf000141-resize_3-target.png", "image_path_target_1": "depth_discrimination_stimuli/000868_2014-06-09_20-49-52_260595134347_rgbf000064-resize_4/000868_2014-06-09_20-49-52_260595134347_rgbf000064-resize_4-target.png", "mask_path": "masks/mask_1.jpg", "fixation_path": "fixation.jpg"}, {"sequence": "g0", "duration": 1000, "depth_0": 1.357, "depth_1": 1.803, "image_path_target_0": "depth_discrimination_stimuli/003587_2014-05-23_16-48-02_094959634447_rgbf002384-resize_2/003587_2014-05-23_16-48-02_094959634447_rgbf002384-resize_2-target.png", "image_path_target_1": "depth_discrimination_stimuli/000709_2014-06-08_13-51-55_260595134347_rgbf000068-resize_3/000709_2014-06-08_13-51-55_260595134347_rgbf000068-resize_3-target.png", "mask_path": "masks/mask_1.jpg", "fixation_path": "fixation.jpg"}, {"sequence": "catch_trial", "duration": 1000, "depth_0": 4.5065, "depth_1": 1.4385, "image_path_target_0": "depth_discrimination_stimuli/002675_2014-06-13_16-08-49_094959634447_rgbf000151-resize_2/002675_2014-06-13_16-08-49_094959634447_rgbf000151-resize_2-target.png", "image_path_target_1": "depth_discrimination_stimuli/001222_2014-06-17_16-24-06_260595134347_rgbf000073-resize_0/001222_2014-06-17_16-24-06_260595134347_rgbf000073-resize_0-target.png", "mask_path": "masks/mask_5.jpg", "fixation_path": "fixation.jpg"}, {"sequence": "g0", "duration": 1000, "depth_0": 2.4735, "depth_1": 2.0295, "image_path_target_0": "depth_discrimination_stimuli/002340_2014-06-28_20-05-46_260595134347_rgbf000113-resize_0/002340_2014-06-28_20-05-46_260595134347_rgbf000113-resize_0-target.png", "image_path_target_1": "depth_discrimination_stimuli/002905_2014-06-03_18-04-43_094959634447_rgbf000151-resize_2/002905_2014-06-03_18-04-43_094959634447_rgbf000151-resize_2-target.png", "mask_path": "masks/mask_30.jpg", "fixation_path": "fixation.jpg"}, {"sequence": "g0", "duration": 1000, "depth_0": 4.1530000000000005, "depth_1": 4.4079999999999995, "image_path_target_0": "depth_discrimination_stimuli/000691_2014-06-08_13-08-50_260595134347_rgbf000132-resize_3/000691_2014-06-08_13-08-50_260595134347_rgbf000132-resize_3-target.png", "image_path_target_1": "depth_discrimination_stimuli/002039_2014-06-24_20-22-38_260595134347_rgbf000084-resize_1/002039_2014-06-24_20-22-38_260595134347_rgbf000084-resize_1-target.png", "mask_path": "masks/mask_25.jpg", "fixation_path": "fixation.jpg"}, {"sequence": "g0", "duration": 1000, "depth_0": 1.841, "depth_1": 1.3065, "image_path_target_0": "depth_discrimination_stimuli/000549_2014-06-08_22-10-24_260595134347_rgbf000247-resize_3/000549_2014-06-08_22-10-24_260595134347_rgbf000247-resize_3-target.png", "image_path_target_1": "depth_discrimination_stimuli/002509_2014-06-24_13-19-22_094959634447_rgbf000077-resize_0/002509_2014-06-24_13-19-22_094959634447_rgbf000077-resize_0-target.png", "mask_path": "masks/mask_26.jpg", "fixation_path": "fixation.jpg"}, {"sequence": "g0", "duration": 250, "depth_0": 1.6255000000000002, "depth_1": 1.8915000000000002, "image_path_target_0": "depth_discrimination_stimuli/003495_2014-05-21_16-01-51_094959634447_rgbf000100-resize_3/003495_2014-05-21_16-01-51_094959634447_rgbf000100-resize_3-target.png", "image_path_target_1": "depth_discrimination_stimuli/002949_2014-06-26_15-57-42_094959634447_rgbf000079-resize_1/002949_2014-06-26_15-57-42_094959634447_rgbf000079-resize_1-target.png", "mask_path": "masks/mask_27.jpg", "fixation_path": "fixation.jpg"}, {"sequence": "catch_trial", "duration": 1000, "depth_0": 1.4075, "depth_1": 4.8655, "image_path_target_0": "depth_discrimination_stimuli/001498_2014-06-19_17-45-14_260595134347_rgbf000129-resize_4/001498_2014-06-19_17-45-14_260595134347_rgbf000129-resize_4-target.png", "image_path_target_1": "depth_discrimination_stimuli/003125_2014-05-12_10-39-22_094959634447_rgbf000100-resize_0/003125_2014-05-12_10-39-22_094959634447_rgbf000100-resize_0-target.png", "mask_path": "masks/mask_6.jpg", "fixation_path": "fixation.jpg"}, {"sequence": "g0", "duration": 1000, "depth_0": 3.6445, "depth_1": 3.2155, "image_path_target_0": "depth_discrimination_stimuli/003490_2014-05-21_15-50-11_094959634447_rgbf000101-resize_3/003490_2014-05-21_15-50-11_094959634447_rgbf000101-resize_3-target.png", "image_path_target_1": "depth_discrimination_stimuli/000866_2014-06-09_20-45-42_260595134347_rgbf000139-resize_1/000866_2014-06-09_20-45-42_260595134347_rgbf000139-resize_1-target.png", "mask_path": "masks/mask_0.jpg", "fixation_path": "fixation.jpg"}, {"sequence": "catch_trial", "duration": 250, "depth_0": 4.702, "depth_1": 1.38325, "image_path_target_0": "depth_discrimination_stimuli/002072_2014-06-24_21-48-06_260595134347_rgbf000115-resize_0/002072_2014-06-24_21-48-06_260595134347_rgbf000115-resize_0-target.png", "image_path_target_1": "depth_discrimination_stimuli/001012_2014-06-08_23-19-38_260595134347_rgbf000057-resize_0/001012_2014-06-08_23-19-38_260595134347_rgbf000057-resize_0-target.png", "mask_path": "masks/mask_3.jpg", "fixation_path": "fixation.jpg"}, {"sequence": "g0", "duration": 250, "depth_0": 3.144, "depth_1": 3.5300000000000002, "image_path_target_0": "depth_discrimination_stimuli/002805_2014-06-22_19-54-03_094959634447_rgbf000079-resize_1/002805_2014-06-22_19-54-03_094959634447_rgbf000079-resize_1-target.png", "image_path_target_1": "depth_discrimination_stimuli/001584_2014-06-20_11-07-43_260595134347_rgbf000002-resize_1/001584_2014-06-20_11-07-43_260595134347_rgbf000002-resize_1-target.png", "mask_path": "masks/mask_31.jpg", "fixation_path": "fixation.jpg"}, {"sequence": "g0", "duration": 1000, "depth_0": 3.4815, "depth_1": 3.0, "image_path_target_0": "depth_discrimination_stimuli/003292_2014-05-14_21-53-49_094959634447_rgbf000100-resize_2/003292_2014-05-14_21-53-49_094959634447_rgbf000100-resize_2-target.png", "image_path_target_1": "depth_discrimination_stimuli/000542_2014-06-08_18-27-08_260595134347_rgbf000118-resize_1/000542_2014-06-08_18-27-08_260595134347_rgbf000118-resize_1-target.png", "mask_path": "masks/mask_16.jpg", "fixation_path": "fixation.jpg"}, {"sequence": "g0", "duration": 1000, "depth_0": 1.476, "depth_1": 1.8655, "image_path_target_0": "depth_discrimination_stimuli/002549_2014-06-24_13-41-39_094959634447_rgbf000022-resize_3/002549_2014-06-24_13-41-39_094959634447_rgbf000022-resize_3-target.png", "image_path_target_1": "depth_discrimination_stimuli/001136_2014-06-17_15-19-41_260595134347_rgbf000076-resize_3/001136_2014-06-17_15-19-41_260595134347_rgbf000076-resize_3-target.png", "mask_path": "masks/mask_19.jpg", "fixation_path": "fixation.jpg"}, {"sequence": "g0", "duration": 1000, "depth_0": 4.8415, "depth_1": 4.368, "image_path_target_0": "depth_discrimination_stimuli/000556_2014-06-09_22-42-56_260595134347_rgbf000214-resize_1/000556_2014-06-09_22-42-56_260595134347_rgbf000214-resize_1-target.png", "image_path_target_1": "depth_discrimination_stimuli/001148_2014-06-17_15-26-42_260595134347_rgbf000129-resize_0/001148_2014-06-17_15-26-42_260595134347_rgbf000129-resize_0-target.png", "mask_path": "masks/mask_6.jpg", "fixation_path": "fixation.jpg"}, {"sequence": "g0", "duration": 250, "depth_0": 4.010666666666666, "depth_1": 4.3629999999999995, "image_path_target_0": "depth_discrimination_stimuli/001450_2014-06-19_17-02-03_260595134347_rgbf000203-resize_4/001450_2014-06-19_17-02-03_260595134347_rgbf000203-resize_4-target.png", "image_path_target_1": "depth_discrimination_stimuli/002414_2014-06-28_20-24-58_260595134347_rgbf000067-resize_4/002414_2014-06-28_20-24-58_260595134347_rgbf000067-resize_4-target.png", "mask_path": "masks/mask_21.jpg", "fixation_path": "fixation.jpg"}, {"sequence": "g0", "duration": 250, "depth_0": 2.6785, "depth_1": 2.183, "image_path_target_0": "depth_discrimination_stimuli/000927_2014-06-09_16-32-30_260595134347_rgbf000123-resize_3/000927_2014-06-09_16-32-30_260595134347_rgbf000123-resize_3-target.png", "image_path_target_1": "depth_discrimination_stimuli/002678_2014-06-13_16-15-32_094959634447_rgbf000151-resize_6/002678_2014-06-13_16-15-32_094959634447_rgbf000151-resize_6-target.png", "mask_path": "masks/mask_4.jpg", "fixation_path": "fixation.jpg"}, {"sequence": "g0", "duration": 250, "depth_0": 3.2575, "depth_1": 3.7859999999999996, "image_path_target_0": "depth_discrimination_stimuli/003423_2014-05-21_10-23-26_094959634447_rgbf002665-resize_2/003423_2014-05-21_10-23-26_094959634447_rgbf002665-resize_2-target.png", "image_path_target_1": "depth_discrimination_stimuli/000137_2014-05-20_17-04-49_260595134347_rgbf000120-resize_1/000137_2014-05-20_17-04-49_260595134347_rgbf000120-resize_1-target.png", "mask_path": "masks/mask_23.jpg", "fixation_path": "fixation.jpg"}, {"sequence": "g0", "duration": 250, "depth_0": 4.5315, "depth_1": 4.149, "image_path_target_0": "depth_discrimination_stimuli/001158_2014-06-17_15-32-16_260595134347_rgbf000138-resize_2/001158_2014-06-17_15-32-16_260595134347_rgbf000138-resize_2-target.png", "image_path_target_1": "depth_discrimination_stimuli/001181_2014-06-17_15-50-57_260595134347_rgbf000106-resize_4/001181_2014-06-17_15-50-57_260595134347_rgbf000106-resize_4-target.png", "mask_path": "masks/mask_24.jpg", "fixation_path": "fixation.jpg"}, {"sequence": "g0", "duration": 250, "depth_0": 4.742, "depth_1": 4.2115, "image_path_target_0": "depth_discrimination_stimuli/002467_2014-06-28_20-38-07_260595134347_rgbf000026-resize_2/002467_2014-06-28_20-38-07_260595134347_rgbf000026-resize_2-target.png", "image_path_target_1": "depth_discrimination_stimuli/001133_2014-06-17_14-49-16_260595134347_rgbf000100-resize_0/001133_2014-06-17_14-49-16_260595134347_rgbf000100-resize_0-target.png", "mask_path": "masks/mask_22.jpg", "fixation_path": "fixation.jpg"}, {"sequence": "g0", "duration": 250, "depth_0": 3.4025, "depth_1": 3.6605, "image_path_target_0": "depth_discrimination_stimuli/001197_2014-06-17_16-01-50_260595134347_rgbf000103-resize_4/001197_2014-06-17_16-01-50_260595134347_rgbf000103-resize_4-target.png", "image_path_target_1": "depth_discrimination_stimuli/001235_2014-06-17_16-37-36_260595134347_rgbf000084-resize_4/001235_2014-06-17_16-37-36_260595134347_rgbf000084-resize_4-target.png", "mask_path": "masks/mask_15.jpg", "fixation_path": "fixation.jpg"}, {"sequence": "catch_trial", "duration": 250, "depth_0": 1.191, "depth_1": 4.682, "image_path_target_0": "depth_discrimination_stimuli/001170_2014-06-17_15-43-44_260595134347_rgbf000096-resize_6/001170_2014-06-17_15-43-44_260595134347_rgbf000096-resize_6-target.png", "image_path_target_1": "depth_discrimination_stimuli/002364_2014-06-28_20-11-05_260595134347_rgbf000042-resize_0/002364_2014-06-28_20-11-05_260595134347_rgbf000042-resize_0-target.png", "mask_path": "masks/mask_4.jpg", "fixation_path": "fixation.jpg"}, {"sequence": "g0", "duration": 250, "depth_0": 3.731, "depth_1": 3.2725, "image_path_target_0": "depth_discrimination_stimuli/002323_2014-06-28_20-01-54_260595134347_rgbf000051-resize_4/002323_2014-06-28_20-01-54_260595134347_rgbf000051-resize_4-target.png", "image_path_target_1": "depth_discrimination_stimuli/001032_2014-06-08_13-23-17_260595134347_rgbf000021-resize_3/001032_2014-06-08_13-23-17_260595134347_rgbf000021-resize_3-target.png", "mask_path": "masks/mask_14.jpg", "fixation_path": "fixation.jpg"}, {"sequence": "g0", "duration": 250, "depth_0": 4.249, "depth_1": 4.6705000000000005, "image_path_target_0": "depth_discrimination_stimuli/001808_2014-06-26_20-50-58_260595134347_rgbf000029-resize_1/001808_2014-06-26_20-50-58_260595134347_rgbf000029-resize_1-target.png", "image_path_target_1": "depth_discrimination_stimuli/002748_2014-06-22_19-07-22_094959634447_rgbf000078-resize_1/002748_2014-06-22_19-07-22_094959634447_rgbf000078-resize_1-target.png", "mask_path": "masks/mask_13.jpg", "fixation_path": "fixation.jpg"}, {"sequence": "g0", "duration": 1000, "depth_0": 3.576, "depth_1": 3.9124999999999996, "image_path_target_0": "depth_discrimination_stimuli/002660_2014-06-13_15-44-18_094959634447_rgbf001878-resize_2/002660_2014-06-13_15-44-18_094959634447_rgbf001878-resize_2-target.png", "image_path_target_1": "depth_discrimination_stimuli/003081_2014-06-15_15-19-16_094959634447_rgbf000150-resize_1/003081_2014-06-15_15-19-16_094959634447_rgbf000150-resize_1-target.png", "mask_path": "masks/mask_7.jpg", "fixation_path": "fixation.jpg"}, {"sequence": "catch_trial", "duration": 1000, "depth_0": 4.835, "depth_1": 1.459, "image_path_target_0": "depth_discrimination_stimuli/003395_2014-05-20_15-39-18_094959634447_rgbf000101-resize_0/003395_2014-05-20_15-39-18_094959634447_rgbf000101-resize_0-target.png", "image_path_target_1": "depth_discrimination_stimuli/001540_2014-06-20_17-01-05_260595134347_rgbf000086-resize_2/001540_2014-06-20_17-01-05_260595134347_rgbf000086-resize_2-target.png", "mask_path": "masks/mask_7.jpg", "fixation_path": "fixation.jpg"}]